text,label
"The team won the championship game",sports
"The player scored three goals",sports
"The coach announced the starting lineup",sports
"The stock market rose sharply today",business
"The company reported record quarterly profits",business
"Investors bought shares after the announcement",business
"A new software update improves computer security",technology
"Researchers developed a faster artificial intelligence model",technology
"The smartphone includes a powerful new processor",technology
"The city opened a new public library",local
"Officials announced plans to repair the roads",local
"The community organized a weekend clean up",local
